Urban_Heat_Delta,Sum of High_Risk_Population_Count
-1.6666666666666679,342.6
-0.6666666666666679,4673.3
0.33333333333333215,5142.7
1.3333333333333321,1073.5
